{
  "model_type": "VAR",
  "variables": [
    "gdp",
    "inflation",
    "policy_rate",
    "real_rate"
  ],
  "lags": 1,
  "observations": 353,
  "aic": -6.920519634647613,
  "bic": -6.745268957846104,
  "export_date": "2025-07-27T20:48:14.818008"
}